--
-- PostgreSQL database dump
--

-- Dumped from database version 16.1
-- Dumped by pg_dump version 16.1

SET statement_timeout = 0;
SET lock_timeout = 0;
SET idle_in_transaction_session_timeout = 0;
SET client_encoding = 'UTF8';
SET standard_conforming_strings = on;
SELECT pg_catalog.set_config('search_path', '', false);
SET check_function_bodies = false;
SET xmloption = content;
SET client_min_messages = warning;
SET row_security = off;

SET default_tablespace = '';

SET default_table_access_method = heap;

--
-- Name: auth_group; Type: TABLE; Schema: public; Owner: admin
--

CREATE TABLE public.auth_group (
    id integer NOT NULL,
    name character varying(150) NOT NULL
);


ALTER TABLE public.auth_group OWNER TO admin;

--
-- Name: auth_group_id_seq; Type: SEQUENCE; Schema: public; Owner: admin
--

ALTER TABLE public.auth_group ALTER COLUMN id ADD GENERATED BY DEFAULT AS IDENTITY (
    SEQUENCE NAME public.auth_group_id_seq
    START WITH 1
    INCREMENT BY 1
    NO MINVALUE
    NO MAXVALUE
    CACHE 1
);


--
-- Name: auth_group_permissions; Type: TABLE; Schema: public; Owner: admin
--

CREATE TABLE public.auth_group_permissions (
    id bigint NOT NULL,
    group_id integer NOT NULL,
    permission_id integer NOT NULL
);


ALTER TABLE public.auth_group_permissions OWNER TO admin;

--
-- Name: auth_group_permissions_id_seq; Type: SEQUENCE; Schema: public; Owner: admin
--

ALTER TABLE public.auth_group_permissions ALTER COLUMN id ADD GENERATED BY DEFAULT AS IDENTITY (
    SEQUENCE NAME public.auth_group_permissions_id_seq
    START WITH 1
    INCREMENT BY 1
    NO MINVALUE
    NO MAXVALUE
    CACHE 1
);


--
-- Name: auth_permission; Type: TABLE; Schema: public; Owner: admin
--

CREATE TABLE public.auth_permission (
    id integer NOT NULL,
    name character varying(255) NOT NULL,
    content_type_id integer NOT NULL,
    codename character varying(100) NOT NULL
);


ALTER TABLE public.auth_permission OWNER TO admin;

--
-- Name: auth_permission_id_seq; Type: SEQUENCE; Schema: public; Owner: admin
--

ALTER TABLE public.auth_permission ALTER COLUMN id ADD GENERATED BY DEFAULT AS IDENTITY (
    SEQUENCE NAME public.auth_permission_id_seq
    START WITH 1
    INCREMENT BY 1
    NO MINVALUE
    NO MAXVALUE
    CACHE 1
);


--
-- Name: auth_user; Type: TABLE; Schema: public; Owner: admin
--

CREATE TABLE public.auth_user (
    id integer NOT NULL,
    password character varying(128) NOT NULL,
    last_login timestamp with time zone,
    is_superuser boolean NOT NULL,
    username character varying(150) NOT NULL,
    first_name character varying(150) NOT NULL,
    last_name character varying(150) NOT NULL,
    email character varying(254) NOT NULL,
    is_staff boolean NOT NULL,
    is_active boolean NOT NULL,
    date_joined timestamp with time zone NOT NULL
);


ALTER TABLE public.auth_user OWNER TO admin;

--
-- Name: auth_user_groups; Type: TABLE; Schema: public; Owner: admin
--

CREATE TABLE public.auth_user_groups (
    id bigint NOT NULL,
    user_id integer NOT NULL,
    group_id integer NOT NULL
);


ALTER TABLE public.auth_user_groups OWNER TO admin;

--
-- Name: auth_user_groups_id_seq; Type: SEQUENCE; Schema: public; Owner: admin
--

ALTER TABLE public.auth_user_groups ALTER COLUMN id ADD GENERATED BY DEFAULT AS IDENTITY (
    SEQUENCE NAME public.auth_user_groups_id_seq
    START WITH 1
    INCREMENT BY 1
    NO MINVALUE
    NO MAXVALUE
    CACHE 1
);


--
-- Name: auth_user_id_seq; Type: SEQUENCE; Schema: public; Owner: admin
--

ALTER TABLE public.auth_user ALTER COLUMN id ADD GENERATED BY DEFAULT AS IDENTITY (
    SEQUENCE NAME public.auth_user_id_seq
    START WITH 1
    INCREMENT BY 1
    NO MINVALUE
    NO MAXVALUE
    CACHE 1
);


--
-- Name: auth_user_user_permissions; Type: TABLE; Schema: public; Owner: admin
--

CREATE TABLE public.auth_user_user_permissions (
    id bigint NOT NULL,
    user_id integer NOT NULL,
    permission_id integer NOT NULL
);


ALTER TABLE public.auth_user_user_permissions OWNER TO admin;

--
-- Name: auth_user_user_permissions_id_seq; Type: SEQUENCE; Schema: public; Owner: admin
--

ALTER TABLE public.auth_user_user_permissions ALTER COLUMN id ADD GENERATED BY DEFAULT AS IDENTITY (
    SEQUENCE NAME public.auth_user_user_permissions_id_seq
    START WITH 1
    INCREMENT BY 1
    NO MINVALUE
    NO MAXVALUE
    CACHE 1
);


--
-- Name: clients_clients; Type: TABLE; Schema: public; Owner: admin
--

CREATE TABLE public.clients_clients (
    id bigint NOT NULL,
    phone character varying(7),
    timezone character varying,
    mobile_code character varying(3),
    tag_id bigint
);


ALTER TABLE public.clients_clients OWNER TO admin;

--
-- Name: clients_clients_id_seq; Type: SEQUENCE; Schema: public; Owner: admin
--

ALTER TABLE public.clients_clients ALTER COLUMN id ADD GENERATED BY DEFAULT AS IDENTITY (
    SEQUENCE NAME public.clients_clients_id_seq
    START WITH 1
    INCREMENT BY 1
    NO MINVALUE
    NO MAXVALUE
    CACHE 1
);


--
-- Name: clients_tag; Type: TABLE; Schema: public; Owner: admin
--

CREATE TABLE public.clients_tag (
    id bigint NOT NULL,
    text character varying(30)
);


ALTER TABLE public.clients_tag OWNER TO admin;

--
-- Name: clients_tag_id_seq; Type: SEQUENCE; Schema: public; Owner: admin
--

ALTER TABLE public.clients_tag ALTER COLUMN id ADD GENERATED BY DEFAULT AS IDENTITY (
    SEQUENCE NAME public.clients_tag_id_seq
    START WITH 1
    INCREMENT BY 1
    NO MINVALUE
    NO MAXVALUE
    CACHE 1
);


--
-- Name: django_admin_log; Type: TABLE; Schema: public; Owner: admin
--

CREATE TABLE public.django_admin_log (
    id integer NOT NULL,
    action_time timestamp with time zone NOT NULL,
    object_id text,
    object_repr character varying(200) NOT NULL,
    action_flag smallint NOT NULL,
    change_message text NOT NULL,
    content_type_id integer,
    user_id integer NOT NULL,
    CONSTRAINT django_admin_log_action_flag_check CHECK ((action_flag >= 0))
);


ALTER TABLE public.django_admin_log OWNER TO admin;

--
-- Name: django_admin_log_id_seq; Type: SEQUENCE; Schema: public; Owner: admin
--

ALTER TABLE public.django_admin_log ALTER COLUMN id ADD GENERATED BY DEFAULT AS IDENTITY (
    SEQUENCE NAME public.django_admin_log_id_seq
    START WITH 1
    INCREMENT BY 1
    NO MINVALUE
    NO MAXVALUE
    CACHE 1
);


--
-- Name: django_content_type; Type: TABLE; Schema: public; Owner: admin
--

CREATE TABLE public.django_content_type (
    id integer NOT NULL,
    app_label character varying(100) NOT NULL,
    model character varying(100) NOT NULL
);


ALTER TABLE public.django_content_type OWNER TO admin;

--
-- Name: django_content_type_id_seq; Type: SEQUENCE; Schema: public; Owner: admin
--

ALTER TABLE public.django_content_type ALTER COLUMN id ADD GENERATED BY DEFAULT AS IDENTITY (
    SEQUENCE NAME public.django_content_type_id_seq
    START WITH 1
    INCREMENT BY 1
    NO MINVALUE
    NO MAXVALUE
    CACHE 1
);


--
-- Name: django_migrations; Type: TABLE; Schema: public; Owner: admin
--

CREATE TABLE public.django_migrations (
    id bigint NOT NULL,
    app character varying(255) NOT NULL,
    name character varying(255) NOT NULL,
    applied timestamp with time zone NOT NULL
);


ALTER TABLE public.django_migrations OWNER TO admin;

--
-- Name: django_migrations_id_seq; Type: SEQUENCE; Schema: public; Owner: admin
--

ALTER TABLE public.django_migrations ALTER COLUMN id ADD GENERATED BY DEFAULT AS IDENTITY (
    SEQUENCE NAME public.django_migrations_id_seq
    START WITH 1
    INCREMENT BY 1
    NO MINVALUE
    NO MAXVALUE
    CACHE 1
);


--
-- Name: django_session; Type: TABLE; Schema: public; Owner: admin
--

CREATE TABLE public.django_session (
    session_key character varying(40) NOT NULL,
    session_data text NOT NULL,
    expire_date timestamp with time zone NOT NULL
);


ALTER TABLE public.django_session OWNER TO admin;

--
-- Name: mailings_mailing; Type: TABLE; Schema: public; Owner: admin
--

CREATE TABLE public.mailings_mailing (
    id bigint NOT NULL,
    text text,
    end_time timestamp with time zone,
    status character varying(10) NOT NULL,
    start_time timestamp with time zone
);


ALTER TABLE public.mailings_mailing OWNER TO admin;

--
-- Name: mailings_mailing_clients; Type: TABLE; Schema: public; Owner: admin
--

CREATE TABLE public.mailings_mailing_clients (
    id bigint NOT NULL,
    mailing_id bigint NOT NULL,
    clients_id bigint NOT NULL
);


ALTER TABLE public.mailings_mailing_clients OWNER TO admin;

--
-- Name: mailings_mailing_clients_id_seq; Type: SEQUENCE; Schema: public; Owner: admin
--

ALTER TABLE public.mailings_mailing_clients ALTER COLUMN id ADD GENERATED BY DEFAULT AS IDENTITY (
    SEQUENCE NAME public.mailings_mailing_clients_id_seq
    START WITH 1
    INCREMENT BY 1
    NO MINVALUE
    NO MAXVALUE
    CACHE 1
);


--
-- Name: mailings_mailing_id_seq; Type: SEQUENCE; Schema: public; Owner: admin
--

ALTER TABLE public.mailings_mailing ALTER COLUMN id ADD GENERATED BY DEFAULT AS IDENTITY (
    SEQUENCE NAME public.mailings_mailing_id_seq
    START WITH 1
    INCREMENT BY 1
    NO MINVALUE
    NO MAXVALUE
    CACHE 1
);


--
-- Name: messages_app_messages; Type: TABLE; Schema: public; Owner: admin
--

CREATE TABLE public.messages_app_messages (
    id bigint NOT NULL,
    created_at timestamp with time zone NOT NULL,
    status boolean NOT NULL,
    client_id bigint,
    mailings_id bigint,
    errors text
);


ALTER TABLE public.messages_app_messages OWNER TO admin;

--
-- Name: messages_app_messages_id_seq; Type: SEQUENCE; Schema: public; Owner: admin
--

ALTER TABLE public.messages_app_messages ALTER COLUMN id ADD GENERATED BY DEFAULT AS IDENTITY (
    SEQUENCE NAME public.messages_app_messages_id_seq
    START WITH 1
    INCREMENT BY 1
    NO MINVALUE
    NO MAXVALUE
    CACHE 1
);


--
-- Data for Name: auth_group; Type: TABLE DATA; Schema: public; Owner: admin
--

COPY public.auth_group (id, name) FROM stdin;
\.


--
-- Data for Name: auth_group_permissions; Type: TABLE DATA; Schema: public; Owner: admin
--

COPY public.auth_group_permissions (id, group_id, permission_id) FROM stdin;
\.


--
-- Data for Name: auth_permission; Type: TABLE DATA; Schema: public; Owner: admin
--

COPY public.auth_permission (id, name, content_type_id, codename) FROM stdin;
1	Can add log entry	1	add_logentry
2	Can change log entry	1	change_logentry
3	Can delete log entry	1	delete_logentry
4	Can view log entry	1	view_logentry
5	Can add permission	2	add_permission
6	Can change permission	2	change_permission
7	Can delete permission	2	delete_permission
8	Can view permission	2	view_permission
9	Can add group	3	add_group
10	Can change group	3	change_group
11	Can delete group	3	delete_group
12	Can view group	3	view_group
13	Can add user	4	add_user
14	Can change user	4	change_user
15	Can delete user	4	delete_user
16	Can view user	4	view_user
17	Can add content type	5	add_contenttype
18	Can change content type	5	change_contenttype
19	Can delete content type	5	delete_contenttype
20	Can view content type	5	view_contenttype
21	Can add session	6	add_session
22	Can change session	6	change_session
23	Can delete session	6	delete_session
24	Can view session	6	view_session
25	Can add clients	7	add_clients
26	Can change clients	7	change_clients
27	Can delete clients	7	delete_clients
28	Can view clients	7	view_clients
29	Can add tag	8	add_tag
30	Can change tag	8	change_tag
31	Can delete tag	8	delete_tag
32	Can view tag	8	view_tag
33	Can add mailing	9	add_mailing
34	Can change mailing	9	change_mailing
35	Can delete mailing	9	delete_mailing
36	Can view mailing	9	view_mailing
37	Can add messages	10	add_messages
38	Can change messages	10	change_messages
39	Can delete messages	10	delete_messages
40	Can view messages	10	view_messages
\.


--
-- Data for Name: auth_user; Type: TABLE DATA; Schema: public; Owner: admin
--

COPY public.auth_user (id, password, last_login, is_superuser, username, first_name, last_name, email, is_staff, is_active, date_joined) FROM stdin;
1	pbkdf2_sha256$720000$pLeOA6vGadue3yoqIWBXmz$cSLhf8MrvXIemNgdS2IrN4aBQLJ2966UFCzFC1wnIHg=	2024-02-14 17:33:08.518947+05	t	admin				t	t	2024-02-14 17:32:53.159339+05
\.


--
-- Data for Name: auth_user_groups; Type: TABLE DATA; Schema: public; Owner: admin
--

COPY public.auth_user_groups (id, user_id, group_id) FROM stdin;
\.


--
-- Data for Name: auth_user_user_permissions; Type: TABLE DATA; Schema: public; Owner: admin
--

COPY public.auth_user_user_permissions (id, user_id, permission_id) FROM stdin;
\.


--
-- Data for Name: clients_clients; Type: TABLE DATA; Schema: public; Owner: admin
--

COPY public.clients_clients (id, phone, timezone, mobile_code, tag_id) FROM stdin;
47	1654333	Europe/Moscow	987	9
2	1234568	Europe/Moscow	778	1
3	1234569	Europe/Moscow	775	1
4	1234560	Europe/Moscow	775	1
48	1654334	Europe/Moscow	987	9
7	1234512	Asia/Yakutsk	111	2
8	1234513	Asia/Yakutsk	111	2
9	1234514	Asia/Yakutsk	111	2
13	2345674	Asia/Yakutsk	111	2
12	2345673	Asia/Yakutsk	111	2
11	2345672	Asia/Yakutsk	111	2
10	2345671	Asia/Yakutsk	111	2
1	2345675	Asia/Yakutsk	111	2
14	7654321	Europe/Samara	999	10
15	7654322	Europe/Samara	998	9
16	7654323	Europe/Samara	997	8
17	7654324	Asia/Kamchatka	996	7
18	7654325	Asia/Kamchatka	995	6
19	7654326	Asia/Kamchatka	994	5
20	7654327	Asia/Kamchatka	993	11
21	7654328	Asia/Magadan	992	11
22	7654329	Asia/Magadan	991	12
23	7654320	Asia/Magadan	991	12
24	7654330	Asia/Magadan	990	12
25	7654331	Asia/Magadan	991	13
26	7654332	Asia/Magadan	990	14
27	7654333	Asia/Magadan	990	14
28	7654334	Asia/Vladivostok	990	14
29	7654335	Asia/Vladivostok	980	15
30	7654336	Asia/Vladivostok	980	15
31	7654337	Asia/Vladivostok	981	15
32	7654338	Asia/Vladivostok	983	16
33	7654339	Asia/Vladivostok	983	16
34	8654339	Europe/Moscow	983	16
35	8654330	Europe/Moscow	983	6
36	8654331	Europe/Moscow	983	6
37	8654332	Europe/Moscow	983	6
38	8654333	Europe/Moscow	984	7
39	8654334	Europe/Moscow	984	7
40	8654335	Europe/Moscow	985	7
41	8654336	Europe/Moscow	985	7
42	8654337	Europe/Moscow	985	8
43	8654338	Europe/Moscow	985	8
44	1654330	Europe/Moscow	985	8
45	1654331	Europe/Moscow	987	9
46	1654332	Europe/Moscow	987	9
\.


--
-- Data for Name: clients_tag; Type: TABLE DATA; Schema: public; Owner: admin
--

COPY public.clients_tag (id, text) FROM stdin;
5	крупный
6	средний
7	малый
8	быстрый
9	медленный
10	IT
11	сварщик
12	москвич
13	медицина
14	ютуб
15	блогер
16	бразилия
1	дальнобойщик
2	надежный
\.


--
-- Data for Name: django_admin_log; Type: TABLE DATA; Schema: public; Owner: admin
--

COPY public.django_admin_log (id, action_time, object_id, object_repr, action_flag, change_message, content_type_id, user_id) FROM stdin;
1	2024-02-14 17:34:40.152802+05	2	2024-02-14 20:34:30+00:00, 2024-03-05 20:15:10+00:00	2	[{"changed": {"fields": ["Start time"]}}]	9	1
2	2024-02-14 17:35:20.048362+05	1	Start_time: 2024-02-14 21:35:16+00:00, end_time: 2024-03-05 20:15:10+00:00	2	[{"changed": {"fields": ["Start time"]}}]	9	1
3	2024-02-14 17:39:58.940665+05	2	2, Start_time: 2024-02-14 20:34:30+00:00, end_time: 2024-03-05 20:15:10+00:00	2	[{"changed": {"fields": ["Text"]}}]	9	1
\.


--
-- Data for Name: django_content_type; Type: TABLE DATA; Schema: public; Owner: admin
--

COPY public.django_content_type (id, app_label, model) FROM stdin;
1	admin	logentry
2	auth	permission
3	auth	group
4	auth	user
5	contenttypes	contenttype
6	sessions	session
7	clients	clients
8	clients	tag
9	mailings	mailing
10	messages_app	messages
\.


--
-- Data for Name: django_migrations; Type: TABLE DATA; Schema: public; Owner: admin
--

COPY public.django_migrations (id, app, name, applied) FROM stdin;
1	contenttypes	0001_initial	2024-02-09 15:34:59.277346+05
2	auth	0001_initial	2024-02-09 15:34:59.566383+05
3	admin	0001_initial	2024-02-09 15:34:59.622903+05
4	admin	0002_logentry_remove_auto_add	2024-02-09 15:34:59.626576+05
5	admin	0003_logentry_add_action_flag_choices	2024-02-09 15:34:59.629566+05
6	contenttypes	0002_remove_content_type_name	2024-02-09 15:34:59.636544+05
7	auth	0002_alter_permission_name_max_length	2024-02-09 15:34:59.64053+05
8	auth	0003_alter_user_email_max_length	2024-02-09 15:34:59.64352+05
9	auth	0004_alter_user_username_opts	2024-02-09 15:34:59.64651+05
10	auth	0005_alter_user_last_login_null	2024-02-09 15:34:59.6495+05
11	auth	0006_require_contenttypes_0002	2024-02-09 15:34:59.650496+05
12	auth	0007_alter_validators_add_error_messages	2024-02-09 15:34:59.653487+05
13	auth	0008_alter_user_username_max_length	2024-02-09 15:34:59.66897+05
14	auth	0009_alter_user_last_name_max_length	2024-02-09 15:34:59.67296+05
15	auth	0010_alter_group_name_max_length	2024-02-09 15:34:59.676946+05
16	auth	0011_update_proxy_permissions	2024-02-09 15:34:59.679936+05
17	auth	0012_alter_user_first_name_max_length	2024-02-09 15:34:59.683923+05
18	clients	0001_initial	2024-02-09 15:34:59.722057+05
19	mailings	0001_initial	2024-02-09 15:34:59.745938+05
20	messages_app	0001_initial	2024-02-09 15:34:59.758443+05
21	sessions	0001_initial	2024-02-09 15:34:59.806972+05
22	mailings	0002_mailing_clients	2024-02-09 15:35:39.860832+05
23	clients	0002_clients_tag	2024-02-09 15:35:53.415596+05
24	messages_app	0002_messages_client_messages_mailings	2024-02-09 15:36:41.163699+05
25	clients	0003_alter_clients_mobile_code_alter_clients_phone	2024-02-09 19:51:23.297472+05
26	mailings	0003_mailing_status	2024-02-12 20:21:01.019499+05
27	messages_app	0003_messages_errors	2024-02-13 23:53:55.688728+05
28	messages_app	0004_alter_messages_mailings	2024-02-14 15:41:04.432533+05
29	mailings	0004_remove_mailing_created_at_mailing_start_time_and_more	2024-02-14 17:15:34.374509+05
\.


--
-- Data for Name: django_session; Type: TABLE DATA; Schema: public; Owner: admin
--

COPY public.django_session (session_key, session_data, expire_date) FROM stdin;
tk5kmhbort9g7z7wj5qvyaj1k572zr7m	.eJxVjEEOwiAQRe_C2hCgtIBL956BzDCDVA0kpV0Z765NutDtf-_9l4iwrSVunZc4kzgLLU6_G0J6cN0B3aHemkytrsuMclfkQbu8NuLn5XD_Dgr08q2NIwpqzCOjz1k7CmkgysoNQGxR28loAA8BMVMCDJO2yEyg0FAevHh_ABczOak:1raERo:6P_m_xDkKWfIBa_VPunmlizCcTBlS0-XnJb73qMLn-U	2024-02-28 17:33:08.519947+05
\.


--
-- Data for Name: mailings_mailing; Type: TABLE DATA; Schema: public; Owner: admin
--

COPY public.mailings_mailing (id, text, end_time, status, start_time) FROM stdin;
1	zzzzzzz	2024-03-06 01:15:10+05	open	2024-02-15 02:35:16+05
2	dfsfsdfsdfsdfsdfsdfsdf	2024-03-06 01:15:10+05	open	2024-02-15 01:34:30+05
\.


--
-- Data for Name: mailings_mailing_clients; Type: TABLE DATA; Schema: public; Owner: admin
--

COPY public.mailings_mailing_clients (id, mailing_id, clients_id) FROM stdin;
1	1	2
2	1	3
3	1	4
4	2	2
5	2	3
6	2	4
\.


--
-- Data for Name: messages_app_messages; Type: TABLE DATA; Schema: public; Owner: admin
--

COPY public.messages_app_messages (id, created_at, status, client_id, mailings_id, errors) FROM stdin;
1	2024-02-13 15:47:42.523602+05	t	2	1	\N
2	2024-02-13 18:29:42.090427+05	t	2	1	\N
3	2024-02-13 18:30:04.334137+05	t	3	1	\N
4	2024-02-13 18:30:14.801485+05	t	4	1	\N
5	2024-02-13 18:30:26.985677+05	t	2	2	\N
\.


--
-- Name: auth_group_id_seq; Type: SEQUENCE SET; Schema: public; Owner: admin
--

SELECT pg_catalog.setval('public.auth_group_id_seq', 1, false);


--
-- Name: auth_group_permissions_id_seq; Type: SEQUENCE SET; Schema: public; Owner: admin
--

SELECT pg_catalog.setval('public.auth_group_permissions_id_seq', 1, false);


--
-- Name: auth_permission_id_seq; Type: SEQUENCE SET; Schema: public; Owner: admin
--

SELECT pg_catalog.setval('public.auth_permission_id_seq', 40, true);


--
-- Name: auth_user_groups_id_seq; Type: SEQUENCE SET; Schema: public; Owner: admin
--

SELECT pg_catalog.setval('public.auth_user_groups_id_seq', 1, false);


--
-- Name: auth_user_id_seq; Type: SEQUENCE SET; Schema: public; Owner: admin
--

SELECT pg_catalog.setval('public.auth_user_id_seq', 1, true);


--
-- Name: auth_user_user_permissions_id_seq; Type: SEQUENCE SET; Schema: public; Owner: admin
--

SELECT pg_catalog.setval('public.auth_user_user_permissions_id_seq', 1, false);


--
-- Name: clients_clients_id_seq; Type: SEQUENCE SET; Schema: public; Owner: admin
--

SELECT pg_catalog.setval('public.clients_clients_id_seq', 48, true);


--
-- Name: clients_tag_id_seq; Type: SEQUENCE SET; Schema: public; Owner: admin
--

SELECT pg_catalog.setval('public.clients_tag_id_seq', 16, true);


--
-- Name: django_admin_log_id_seq; Type: SEQUENCE SET; Schema: public; Owner: admin
--

SELECT pg_catalog.setval('public.django_admin_log_id_seq', 3, true);


--
-- Name: django_content_type_id_seq; Type: SEQUENCE SET; Schema: public; Owner: admin
--

SELECT pg_catalog.setval('public.django_content_type_id_seq', 10, true);


--
-- Name: django_migrations_id_seq; Type: SEQUENCE SET; Schema: public; Owner: admin
--

SELECT pg_catalog.setval('public.django_migrations_id_seq', 29, true);


--
-- Name: mailings_mailing_clients_id_seq; Type: SEQUENCE SET; Schema: public; Owner: admin
--

SELECT pg_catalog.setval('public.mailings_mailing_clients_id_seq', 6, true);


--
-- Name: mailings_mailing_id_seq; Type: SEQUENCE SET; Schema: public; Owner: admin
--

SELECT pg_catalog.setval('public.mailings_mailing_id_seq', 2, true);


--
-- Name: messages_app_messages_id_seq; Type: SEQUENCE SET; Schema: public; Owner: admin
--

SELECT pg_catalog.setval('public.messages_app_messages_id_seq', 5, true);


--
-- Name: auth_group auth_group_name_key; Type: CONSTRAINT; Schema: public; Owner: admin
--

ALTER TABLE ONLY public.auth_group
    ADD CONSTRAINT auth_group_name_key UNIQUE (name);


--
-- Name: auth_group_permissions auth_group_permissions_group_id_permission_id_0cd325b0_uniq; Type: CONSTRAINT; Schema: public; Owner: admin
--

ALTER TABLE ONLY public.auth_group_permissions
    ADD CONSTRAINT auth_group_permissions_group_id_permission_id_0cd325b0_uniq UNIQUE (group_id, permission_id);


--
-- Name: auth_group_permissions auth_group_permissions_pkey; Type: CONSTRAINT; Schema: public; Owner: admin
--

ALTER TABLE ONLY public.auth_group_permissions
    ADD CONSTRAINT auth_group_permissions_pkey PRIMARY KEY (id);


--
-- Name: auth_group auth_group_pkey; Type: CONSTRAINT; Schema: public; Owner: admin
--

ALTER TABLE ONLY public.auth_group
    ADD CONSTRAINT auth_group_pkey PRIMARY KEY (id);


--
-- Name: auth_permission auth_permission_content_type_id_codename_01ab375a_uniq; Type: CONSTRAINT; Schema: public; Owner: admin
--

ALTER TABLE ONLY public.auth_permission
    ADD CONSTRAINT auth_permission_content_type_id_codename_01ab375a_uniq UNIQUE (content_type_id, codename);


--
-- Name: auth_permission auth_permission_pkey; Type: CONSTRAINT; Schema: public; Owner: admin
--

ALTER TABLE ONLY public.auth_permission
    ADD CONSTRAINT auth_permission_pkey PRIMARY KEY (id);


--
-- Name: auth_user_groups auth_user_groups_pkey; Type: CONSTRAINT; Schema: public; Owner: admin
--

ALTER TABLE ONLY public.auth_user_groups
    ADD CONSTRAINT auth_user_groups_pkey PRIMARY KEY (id);


--
-- Name: auth_user_groups auth_user_groups_user_id_group_id_94350c0c_uniq; Type: CONSTRAINT; Schema: public; Owner: admin
--

ALTER TABLE ONLY public.auth_user_groups
    ADD CONSTRAINT auth_user_groups_user_id_group_id_94350c0c_uniq UNIQUE (user_id, group_id);


--
-- Name: auth_user auth_user_pkey; Type: CONSTRAINT; Schema: public; Owner: admin
--

ALTER TABLE ONLY public.auth_user
    ADD CONSTRAINT auth_user_pkey PRIMARY KEY (id);


--
-- Name: auth_user_user_permissions auth_user_user_permissions_pkey; Type: CONSTRAINT; Schema: public; Owner: admin
--

ALTER TABLE ONLY public.auth_user_user_permissions
    ADD CONSTRAINT auth_user_user_permissions_pkey PRIMARY KEY (id);


--
-- Name: auth_user_user_permissions auth_user_user_permissions_user_id_permission_id_14a6b632_uniq; Type: CONSTRAINT; Schema: public; Owner: admin
--

ALTER TABLE ONLY public.auth_user_user_permissions
    ADD CONSTRAINT auth_user_user_permissions_user_id_permission_id_14a6b632_uniq UNIQUE (user_id, permission_id);


--
-- Name: auth_user auth_user_username_key; Type: CONSTRAINT; Schema: public; Owner: admin
--

ALTER TABLE ONLY public.auth_user
    ADD CONSTRAINT auth_user_username_key UNIQUE (username);


--
-- Name: clients_clients clients_clients_phone_925efed4_uniq; Type: CONSTRAINT; Schema: public; Owner: admin
--

ALTER TABLE ONLY public.clients_clients
    ADD CONSTRAINT clients_clients_phone_925efed4_uniq UNIQUE (phone);


--
-- Name: clients_clients clients_clients_pkey; Type: CONSTRAINT; Schema: public; Owner: admin
--

ALTER TABLE ONLY public.clients_clients
    ADD CONSTRAINT clients_clients_pkey PRIMARY KEY (id);


--
-- Name: clients_tag clients_tag_pkey; Type: CONSTRAINT; Schema: public; Owner: admin
--

ALTER TABLE ONLY public.clients_tag
    ADD CONSTRAINT clients_tag_pkey PRIMARY KEY (id);


--
-- Name: django_admin_log django_admin_log_pkey; Type: CONSTRAINT; Schema: public; Owner: admin
--

ALTER TABLE ONLY public.django_admin_log
    ADD CONSTRAINT django_admin_log_pkey PRIMARY KEY (id);


--
-- Name: django_content_type django_content_type_app_label_model_76bd3d3b_uniq; Type: CONSTRAINT; Schema: public; Owner: admin
--

ALTER TABLE ONLY public.django_content_type
    ADD CONSTRAINT django_content_type_app_label_model_76bd3d3b_uniq UNIQUE (app_label, model);


--
-- Name: django_content_type django_content_type_pkey; Type: CONSTRAINT; Schema: public; Owner: admin
--

ALTER TABLE ONLY public.django_content_type
    ADD CONSTRAINT django_content_type_pkey PRIMARY KEY (id);


--
-- Name: django_migrations django_migrations_pkey; Type: CONSTRAINT; Schema: public; Owner: admin
--

ALTER TABLE ONLY public.django_migrations
    ADD CONSTRAINT django_migrations_pkey PRIMARY KEY (id);


--
-- Name: django_session django_session_pkey; Type: CONSTRAINT; Schema: public; Owner: admin
--

ALTER TABLE ONLY public.django_session
    ADD CONSTRAINT django_session_pkey PRIMARY KEY (session_key);


--
-- Name: mailings_mailing_clients mailings_mailing_clients_mailing_id_clients_id_623d4f9f_uniq; Type: CONSTRAINT; Schema: public; Owner: admin
--

ALTER TABLE ONLY public.mailings_mailing_clients
    ADD CONSTRAINT mailings_mailing_clients_mailing_id_clients_id_623d4f9f_uniq UNIQUE (mailing_id, clients_id);


--
-- Name: mailings_mailing_clients mailings_mailing_clients_pkey; Type: CONSTRAINT; Schema: public; Owner: admin
--

ALTER TABLE ONLY public.mailings_mailing_clients
    ADD CONSTRAINT mailings_mailing_clients_pkey PRIMARY KEY (id);


--
-- Name: mailings_mailing mailings_mailing_pkey; Type: CONSTRAINT; Schema: public; Owner: admin
--

ALTER TABLE ONLY public.mailings_mailing
    ADD CONSTRAINT mailings_mailing_pkey PRIMARY KEY (id);


--
-- Name: messages_app_messages messages_app_messages_pkey; Type: CONSTRAINT; Schema: public; Owner: admin
--

ALTER TABLE ONLY public.messages_app_messages
    ADD CONSTRAINT messages_app_messages_pkey PRIMARY KEY (id);


--
-- Name: auth_group_name_a6ea08ec_like; Type: INDEX; Schema: public; Owner: admin
--

CREATE INDEX auth_group_name_a6ea08ec_like ON public.auth_group USING btree (name varchar_pattern_ops);


--
-- Name: auth_group_permissions_group_id_b120cbf9; Type: INDEX; Schema: public; Owner: admin
--

CREATE INDEX auth_group_permissions_group_id_b120cbf9 ON public.auth_group_permissions USING btree (group_id);


--
-- Name: auth_group_permissions_permission_id_84c5c92e; Type: INDEX; Schema: public; Owner: admin
--

CREATE INDEX auth_group_permissions_permission_id_84c5c92e ON public.auth_group_permissions USING btree (permission_id);


--
-- Name: auth_permission_content_type_id_2f476e4b; Type: INDEX; Schema: public; Owner: admin
--

CREATE INDEX auth_permission_content_type_id_2f476e4b ON public.auth_permission USING btree (content_type_id);


--
-- Name: auth_user_groups_group_id_97559544; Type: INDEX; Schema: public; Owner: admin
--

CREATE INDEX auth_user_groups_group_id_97559544 ON public.auth_user_groups USING btree (group_id);


--
-- Name: auth_user_groups_user_id_6a12ed8b; Type: INDEX; Schema: public; Owner: admin
--

CREATE INDEX auth_user_groups_user_id_6a12ed8b ON public.auth_user_groups USING btree (user_id);


--
-- Name: auth_user_user_permissions_permission_id_1fbb5f2c; Type: INDEX; Schema: public; Owner: admin
--

CREATE INDEX auth_user_user_permissions_permission_id_1fbb5f2c ON public.auth_user_user_permissions USING btree (permission_id);


--
-- Name: auth_user_user_permissions_user_id_a95ead1b; Type: INDEX; Schema: public; Owner: admin
--

CREATE INDEX auth_user_user_permissions_user_id_a95ead1b ON public.auth_user_user_permissions USING btree (user_id);


--
-- Name: auth_user_username_6821ab7c_like; Type: INDEX; Schema: public; Owner: admin
--

CREATE INDEX auth_user_username_6821ab7c_like ON public.auth_user USING btree (username varchar_pattern_ops);


--
-- Name: clients_clients_phone_925efed4_like; Type: INDEX; Schema: public; Owner: admin
--

CREATE INDEX clients_clients_phone_925efed4_like ON public.clients_clients USING btree (phone varchar_pattern_ops);


--
-- Name: clients_clients_tag_id_883de5a0; Type: INDEX; Schema: public; Owner: admin
--

CREATE INDEX clients_clients_tag_id_883de5a0 ON public.clients_clients USING btree (tag_id);


--
-- Name: django_admin_log_content_type_id_c4bce8eb; Type: INDEX; Schema: public; Owner: admin
--

CREATE INDEX django_admin_log_content_type_id_c4bce8eb ON public.django_admin_log USING btree (content_type_id);


--
-- Name: django_admin_log_user_id_c564eba6; Type: INDEX; Schema: public; Owner: admin
--

CREATE INDEX django_admin_log_user_id_c564eba6 ON public.django_admin_log USING btree (user_id);


--
-- Name: django_session_expire_date_a5c62663; Type: INDEX; Schema: public; Owner: admin
--

CREATE INDEX django_session_expire_date_a5c62663 ON public.django_session USING btree (expire_date);


--
-- Name: django_session_session_key_c0390e0f_like; Type: INDEX; Schema: public; Owner: admin
--

CREATE INDEX django_session_session_key_c0390e0f_like ON public.django_session USING btree (session_key varchar_pattern_ops);


--
-- Name: mailings_mailing_clients_clients_id_cbc2927f; Type: INDEX; Schema: public; Owner: admin
--

CREATE INDEX mailings_mailing_clients_clients_id_cbc2927f ON public.mailings_mailing_clients USING btree (clients_id);


--
-- Name: mailings_mailing_clients_mailing_id_f3ea5bb7; Type: INDEX; Schema: public; Owner: admin
--

CREATE INDEX mailings_mailing_clients_mailing_id_f3ea5bb7 ON public.mailings_mailing_clients USING btree (mailing_id);


--
-- Name: messages_app_messages_client_id_c0283c78; Type: INDEX; Schema: public; Owner: admin
--

CREATE INDEX messages_app_messages_client_id_c0283c78 ON public.messages_app_messages USING btree (client_id);


--
-- Name: messages_app_messages_mailings_id_152e0c26; Type: INDEX; Schema: public; Owner: admin
--

CREATE INDEX messages_app_messages_mailings_id_152e0c26 ON public.messages_app_messages USING btree (mailings_id);


--
-- Name: auth_group_permissions auth_group_permissio_permission_id_84c5c92e_fk_auth_perm; Type: FK CONSTRAINT; Schema: public; Owner: admin
--

ALTER TABLE ONLY public.auth_group_permissions
    ADD CONSTRAINT auth_group_permissio_permission_id_84c5c92e_fk_auth_perm FOREIGN KEY (permission_id) REFERENCES public.auth_permission(id) DEFERRABLE INITIALLY DEFERRED;


--
-- Name: auth_group_permissions auth_group_permissions_group_id_b120cbf9_fk_auth_group_id; Type: FK CONSTRAINT; Schema: public; Owner: admin
--

ALTER TABLE ONLY public.auth_group_permissions
    ADD CONSTRAINT auth_group_permissions_group_id_b120cbf9_fk_auth_group_id FOREIGN KEY (group_id) REFERENCES public.auth_group(id) DEFERRABLE INITIALLY DEFERRED;


--
-- Name: auth_permission auth_permission_content_type_id_2f476e4b_fk_django_co; Type: FK CONSTRAINT; Schema: public; Owner: admin
--

ALTER TABLE ONLY public.auth_permission
    ADD CONSTRAINT auth_permission_content_type_id_2f476e4b_fk_django_co FOREIGN KEY (content_type_id) REFERENCES public.django_content_type(id) DEFERRABLE INITIALLY DEFERRED;


--
-- Name: auth_user_groups auth_user_groups_group_id_97559544_fk_auth_group_id; Type: FK CONSTRAINT; Schema: public; Owner: admin
--

ALTER TABLE ONLY public.auth_user_groups
    ADD CONSTRAINT auth_user_groups_group_id_97559544_fk_auth_group_id FOREIGN KEY (group_id) REFERENCES public.auth_group(id) DEFERRABLE INITIALLY DEFERRED;


--
-- Name: auth_user_groups auth_user_groups_user_id_6a12ed8b_fk_auth_user_id; Type: FK CONSTRAINT; Schema: public; Owner: admin
--

ALTER TABLE ONLY public.auth_user_groups
    ADD CONSTRAINT auth_user_groups_user_id_6a12ed8b_fk_auth_user_id FOREIGN KEY (user_id) REFERENCES public.auth_user(id) DEFERRABLE INITIALLY DEFERRED;


--
-- Name: auth_user_user_permissions auth_user_user_permi_permission_id_1fbb5f2c_fk_auth_perm; Type: FK CONSTRAINT; Schema: public; Owner: admin
--

ALTER TABLE ONLY public.auth_user_user_permissions
    ADD CONSTRAINT auth_user_user_permi_permission_id_1fbb5f2c_fk_auth_perm FOREIGN KEY (permission_id) REFERENCES public.auth_permission(id) DEFERRABLE INITIALLY DEFERRED;


--
-- Name: auth_user_user_permissions auth_user_user_permissions_user_id_a95ead1b_fk_auth_user_id; Type: FK CONSTRAINT; Schema: public; Owner: admin
--

ALTER TABLE ONLY public.auth_user_user_permissions
    ADD CONSTRAINT auth_user_user_permissions_user_id_a95ead1b_fk_auth_user_id FOREIGN KEY (user_id) REFERENCES public.auth_user(id) DEFERRABLE INITIALLY DEFERRED;


--
-- Name: clients_clients clients_clients_tag_id_883de5a0_fk_clients_tag_id; Type: FK CONSTRAINT; Schema: public; Owner: admin
--

ALTER TABLE ONLY public.clients_clients
    ADD CONSTRAINT clients_clients_tag_id_883de5a0_fk_clients_tag_id FOREIGN KEY (tag_id) REFERENCES public.clients_tag(id) DEFERRABLE INITIALLY DEFERRED;


--
-- Name: django_admin_log django_admin_log_content_type_id_c4bce8eb_fk_django_co; Type: FK CONSTRAINT; Schema: public; Owner: admin
--

ALTER TABLE ONLY public.django_admin_log
    ADD CONSTRAINT django_admin_log_content_type_id_c4bce8eb_fk_django_co FOREIGN KEY (content_type_id) REFERENCES public.django_content_type(id) DEFERRABLE INITIALLY DEFERRED;


--
-- Name: django_admin_log django_admin_log_user_id_c564eba6_fk_auth_user_id; Type: FK CONSTRAINT; Schema: public; Owner: admin
--

ALTER TABLE ONLY public.django_admin_log
    ADD CONSTRAINT django_admin_log_user_id_c564eba6_fk_auth_user_id FOREIGN KEY (user_id) REFERENCES public.auth_user(id) DEFERRABLE INITIALLY DEFERRED;


--
-- Name: mailings_mailing_clients mailings_mailing_cli_clients_id_cbc2927f_fk_clients_c; Type: FK CONSTRAINT; Schema: public; Owner: admin
--

ALTER TABLE ONLY public.mailings_mailing_clients
    ADD CONSTRAINT mailings_mailing_cli_clients_id_cbc2927f_fk_clients_c FOREIGN KEY (clients_id) REFERENCES public.clients_clients(id) DEFERRABLE INITIALLY DEFERRED;


--
-- Name: mailings_mailing_clients mailings_mailing_cli_mailing_id_f3ea5bb7_fk_mailings_; Type: FK CONSTRAINT; Schema: public; Owner: admin
--

ALTER TABLE ONLY public.mailings_mailing_clients
    ADD CONSTRAINT mailings_mailing_cli_mailing_id_f3ea5bb7_fk_mailings_ FOREIGN KEY (mailing_id) REFERENCES public.mailings_mailing(id) DEFERRABLE INITIALLY DEFERRED;


--
-- Name: messages_app_messages messages_app_message_mailings_id_152e0c26_fk_mailings_; Type: FK CONSTRAINT; Schema: public; Owner: admin
--

ALTER TABLE ONLY public.messages_app_messages
    ADD CONSTRAINT messages_app_message_mailings_id_152e0c26_fk_mailings_ FOREIGN KEY (mailings_id) REFERENCES public.mailings_mailing(id) DEFERRABLE INITIALLY DEFERRED;


--
-- Name: messages_app_messages messages_app_messages_client_id_c0283c78_fk_clients_clients_id; Type: FK CONSTRAINT; Schema: public; Owner: admin
--

ALTER TABLE ONLY public.messages_app_messages
    ADD CONSTRAINT messages_app_messages_client_id_c0283c78_fk_clients_clients_id FOREIGN KEY (client_id) REFERENCES public.clients_clients(id) DEFERRABLE INITIALLY DEFERRED;


--
-- PostgreSQL database dump complete
--

